Name,Telefon,Mitarbeiter,Email,Website,Adresse,Quelle
MunichMarketing,+498989641156,,kontakt@munichmarketing.de,http://www.munichmarketing.de/,Freibadstraße 30G,google_maps
WeLikeWeb GmbH,+498945689622,1,info@welikeweb.de,https://www.welikeweb.de/?utm_source=Google+My+Business&utm_medium=GMB&utm_campaign=Link+Bio+GMB,Kolosseumstraße 1G,google_maps
Münchner Marketing Akademie,+498921526796,1,,https://www.akademie-marketing.com/,Marienplatz 17G,google_maps
Webdesign München,+498924412673,1,,https://xn--webdesignmnchen-8vb.com/,,google_maps
MAXXmarketing GmbH,+49899292860,1,anfrage@seo-agentur.com,https://www.seo-agentur.com/,Karlsplatz 7G,google_maps
Social Media Marketing München,+491702450456,100,mail@heiko-lindner.net,https://heiko-lindner.net/,Tumblingerstraße 45G,google_maps
Immagine GmbH,+498933035110,1,kontakt@immagine.de,https://www.immagine.de/,Lucile-Grahn-Straße 47G,google_maps
Grapevine München GmbH,+498958803170,,hello@grapevine-frankfurt.de,https://www.grapevine.agency/,Tengstraße 9G,google_maps
Lovemark Public Relations,+498974747070,,,http://www.lovemark-pr.de/,Prinzregentenstraße 67G,google_maps
ipunkto GmbH,,1,info@seo-agentur-muenchen.org,https://www.seo-agentur-muenchen.org/,Auenstraße 90G,google_maps